id;first_name;last_name;phone;email;dob;address;gender
664bb071-97dc-4af7-872b-888d6f794d68;Camille;Fritsch;648-609-9748 x2806;Efren.Wolff80@yahoo.com;2025-08-19T15:17:31;finally;toe sadly describe
3db18e81-4043-4060-802c-19b00b391247;Janelle;Willms;1-283-638-9061 x2182;Alexandre.Stracke@hotmail.com;2025-08-20T02:34:22;black grandson;gee lashes wherever
ed4590b6-b9cd-468d-b213-bd398f63d011;Estell;Kemmer;1-212-504-5761 x46553;Federico_Johns@gmail.com;2025-08-19T22:19:57;rapidly;zen for
66d30b4e-84f9-4624-a83d-0323915286e0;Jeanette;Kulas;944.757.3647;Ed_Hirthe-Zemlak@yahoo.com;2025-08-19T11:15:59;about under;phooey sharply whoa
31a2d129-2124-46bf-9c57-180e845db232;Kennith;Howell;1-276-909-6100 x85752;Vicente_Kilback46@gmail.com;2025-08-19T23:59:12;misreport;where
271fc946-754e-47db-999c-011cb5a339d5;Oceane;Wuckert;1-200-877-6141;Gertrude83@gmail.com;2025-08-19T07:29:55;bleach oxidise;instead microblog
978a764e-76fd-44b7-a8a9-602cc9c43404;Alvena;Wuckert;301.898.3555;Harmon15@gmail.com;2025-08-19T17:27:48;plus nor wrongly;opposite colorless
fb648421-50cd-4758-af2f-874270043667;Myriam;Leffler;1-469-768-0051 x739;Fanny68@yahoo.com;2025-08-20T02:40:38;sweatshop ack redesign;messy evince
e927f0ea-880c-4186-b725-97392b167e08;Abel;Hagenes;783-355-7466;Jaylon.Green@yahoo.com;2025-08-19T14:46:44;gray qua;ultimate deflate
fc6e54de-1cec-4cd7-b310-96b5cc3b5d37;Nicklaus;Hahn;835-822-3201;Tyra.Pfannerstill@hotmail.com;2025-08-19T14:09:11;king passionate;yahoo scuffle
